job_title,company,experience,jobNature,location,salary,apply_link
Construction Engineer for KSA,Lasifa International,N/A,remote,"Rawalpindi, PPB, PK",N/A,https://pk.indeed.com/viewjob?jk=9415e7d1cc1d2526
Copywriter,nan,N/A,remote,"Islamabad I-10/Markaz, PTA, PK",N/A,https://pk.indeed.com/viewjob?jk=d238732fa7404a67
DevOps Engineer,Essentia Technologies (Pvt) Limited,N/A,remote,"Islamabad, PIS, PK",N/A,https://pk.indeed.com/viewjob?jk=aa6affdd153bf334
AI Engineer Intern,Daxno Technologies,N/A,remote,"Islamabad, PIS, PK",N/A,https://pk.indeed.com/viewjob?jk=b71a50d1dcce65dc
Laravel full stack developer,Your Cloud Campus,N/A,remote,"Rawalpindi, PPB, PK",N/A,https://pk.indeed.com/viewjob?jk=f8bfeb8eabce1643
Software Quality Assurance Engineer,Decimal Solution,N/A,remote,"Islamabad I-8/4, PTA, PK",N/A,https://pk.indeed.com/viewjob?jk=2d235a6393efeb33
Senior Software Engineer,NESL-IT (SMC PVT) LTD,N/A,remote,"Islamabad I-10/Markaz, PTA, PK",N/A,https://pk.indeed.com/viewjob?jk=3b7553f0e67356c1
Mechanical Engineer (HVAC)-Intern,Telerelation,N/A,remote,"Islamabad, PIS, PK",N/A,https://pk.indeed.com/viewjob?jk=60a56cb86f5e5e5f
Electrical Draftsman,MEP Solutions,N/A,remote,"Islamabad, PIS, PK",N/A,https://pk.indeed.com/viewjob?jk=ec6652b8800bc0f1
Senior Fullstack Developer (NestJS - NextJS - NodeJS),Hiring Solutions/Varnum Consulting. LLC,N/A,remote,"Rawalpindi, PPB, PK",N/A,https://pk.indeed.com/viewjob?jk=a19adfd8805ffeac
Sr. Software Engineer (.Net),DataQ Healthcare,N/A,remote,"Islamabad, PIS, PK",N/A,https://pk.indeed.com/viewjob?jk=2b48d2a2854eb9d1
Software Engineer (React.js with .Net),Trilogy Spa Holdings,N/A,remote,"Islamabad, PIS, PK",N/A,https://pk.indeed.com/viewjob?jk=1b751c54bae0a0cb
Project Manager,CareCloud,N/A,remote,"Rawalpindi, PPB, PK",N/A,https://pk.indeed.com/viewjob?jk=78577b7c739f8328
PBX Specialist,Language Empire,N/A,remote,"Rawalpindi, PPB, PK",N/A,https://pk.indeed.com/viewjob?jk=51ebe6d5d2bbcfd5
Technical Writer,Language Empire,N/A,remote,"Islamabad, PIS, PK",N/A,https://pk.indeed.com/viewjob?jk=16da93de3dd596f1
Software Engineer- MERN,Devsinc,N/A,remote,"Islamabad, PIS, PK",N/A,https://pk.indeed.com/viewjob?jk=5a0308958d9b0194
MySQL Developer,CapiPlan,N/A,remote,Islamabad,N/A,https://pk.linkedin.com/jobs/view/mysql-developer-at-capiplan-4180231503?utm_campaign=google_jobs_apply&utm_source=google_jobs_apply&utm_medium=organic
Specialist Software Engineer,PMCL-JAZZ,N/A,remote,Islamabad,N/A,https://jobs.workable.com/view/diWEztCg9HNfSa1yTSiaha/specialist-software-engineer-in-islamabad-at-pmcl-jazz?utm_campaign=google_jobs_apply&utm_source=google_jobs_apply&utm_medium=organic
"Backend Engineer (Java & NodeJS), Makro Head Office",Makro PRO,N/A,remote,Islamabad,N/A,https://pk.expertini.com/jobs/job/backend-engineer-java-nodejs-makro-head-offic-islamabad-makro-pro-8e108baaea/?utm_campaign=google_jobs_apply&utm_source=google_jobs_apply&utm_medium=organic
Angular Developer,Translation Empire PK,N/A,remote,Rawalpindi,N/A,https://pk.linkedin.com/jobs/view/angular-developer-at-translation-empire-pk-4182748281?utm_campaign=google_jobs_apply&utm_source=google_jobs_apply&utm_medium=organic
Software Engineering Team Lead (.NET Core/C# - Remote),Deel,N/A,remote,Islamabad,N/A,https://pk.linkedin.com/jobs/view/software-engineering-team-lead-net-core-c%23-remote-at-deel-4180001671?utm_campaign=google_jobs_apply&utm_source=google_jobs_apply&utm_medium=organic
Service Now Developer,Evamp & Saanga,N/A,remote,Islamabad,N/A,https://pk.linkedin.com/jobs/view/service-now-developer-at-evamp-saanga-4178218428?utm_campaign=google_jobs_apply&utm_source=google_jobs_apply&utm_medium=organic
Webflow Developer,Funavry Technologies,N/A,remote,Islamabad,N/A,https://pk.linkedin.com/jobs/view/webflow-developer-at-funavry-technologies-4177515576?utm_campaign=google_jobs_apply&utm_source=google_jobs_apply&utm_medium=organic
Software Solutions Architect (US/Europe),Alachisoft,N/A,remote,Islamabad,N/A,https://pk.linkedin.com/jobs/view/software-solutions-architect-us-europe-at-alachisoft-4178254212?utm_campaign=google_jobs_apply&utm_source=google_jobs_apply&utm_medium=organic
"Associate, Channels Tech Specialists",S&P Global,N/A,remote,Islamabad,N/A,https://pk.linkedin.com/jobs/view/associate-channels-tech-specialists-at-s-p-global-4152779355?utm_campaign=google_jobs_apply&utm_source=google_jobs_apply&utm_medium=organic
Software Systems Architect,EWS Group,N/A,remote,Islamabad,N/A,https://pk.trabajo.org/job-3166-c6b3942cab0da357b5755d4b2c980406?utm_campaign=google_jobs_apply&utm_source=google_jobs_apply&utm_medium=organic
"Backend Developer, Pakistan",AutoScale Ventures,N/A,remote,Islamabad,N/A,https://www.careers-page.com/autoscale-ventures/job/L8VRR683?utm_campaign=google_jobs_apply&utm_source=google_jobs_apply&utm_medium=organic
Experienced Team Lead Wanted,Contour Software,N/A,remote,Islamabad,N/A,https://pk.trabajo.org/job-3166-d5e72cfc6ff36e93b65d81bba2efd542?utm_campaign=google_jobs_apply&utm_source=google_jobs_apply&utm_medium=organic
Mid-level Software Engineer,Synergy-IT,N/A,remote,Islamabad,N/A,https://www.getpakjob.com/jobs/view/mid-level-software-engineer-1?utm_campaign=google_jobs_apply&utm_source=google_jobs_apply&utm_medium=organic
Web and Mobile Applications Developer,HR Ways,N/A,remote,Islamabad,N/A,https://pk.trabajo.org/job-3166-361cd136725cd4c9a2b7ae9f2c05ca78?utm_campaign=google_jobs_apply&utm_source=google_jobs_apply&utm_medium=organic
Software Engineer (Node.js),AXA Business Technologies,N/A,remote,Islamabad,N/A,https://pk.linkedin.com/jobs/view/software-engineer-node-js-at-axa-business-technologies-4182485070?utm_campaign=google_jobs_apply&utm_source=google_jobs_apply&utm_medium=organic
Full Stack Engineer-(Python-JavaScript),Veroke,N/A,remote,Islamabad,N/A,https://pk.linkedin.com/jobs/view/full-stack-engineer-python-javascript-at-veroke-4178737720?utm_campaign=google_jobs_apply&utm_source=google_jobs_apply&utm_medium=organic
Odoo Developer,Silverdale,N/A,remote,Islamabad,N/A,https://pk.linkedin.com/jobs/view/odoo-developer-at-silverdale-4179685984?utm_campaign=google_jobs_apply&utm_source=google_jobs_apply&utm_medium=organic
Java Developer,iPlex,N/A,remote,Rawalpindi,N/A,https://pk.linkedin.com/jobs/view/java-developer-at-iplex-4179625745?utm_campaign=google_jobs_apply&utm_source=google_jobs_apply&utm_medium=organic
3D Computer Vision Engineer,MOVRS,N/A,remote,Islamabad,N/A,https://pk.linkedin.com/jobs/view/3d-computer-vision-engineer-at-movrs-4176738708?utm_campaign=google_jobs_apply&utm_source=google_jobs_apply&utm_medium=organic
Technical Lead for Java Development,NADRA Technologies Ltd,N/A,remote,Islamabad,N/A,https://pk.trabajo.org/job-3166-28c538adeb6ae1099cd561dcb8735ac4?utm_campaign=google_jobs_apply&utm_source=google_jobs_apply&utm_medium=organic
Golang and ReactJs Developer,GGateway for Outsourcing IT,N/A,remote,West Bank · Palestine,N/A,https://www.bayt.com/en/palestine/jobs/golang-and-reactjs-developer-5272549/
Senior IT Developer,DSV,N/A,remote,Al Kuwait · Kuwait,N/A,https://www.bayt.com/en/kuwait/jobs/senior-it-developer-5270062/
Oracle APEX Developer,ORSERS Consulting,N/A,remote,Dubai · UAE,N/A,https://www.bayt.com/en/uae/jobs/oracle-apex-developer-5266466/
Software Developer,BUTEC S.A.L.,N/A,remote,Beirut · Lebanon,N/A,https://www.bayt.com/en/lebanon/jobs/software-developer-5265869/
.Net SSS Application developer,Starlink ME,N/A,remote,Qatar,N/A,https://www.bayt.com/en/qatar/jobs/net-sss-application-developer-5264578/
RPA Developer,TASC Outsourcing,N/A,remote,Dubai · UAE,N/A,https://www.bayt.com/en/uae/jobs/rpa-developer-5262972/
WordPress Developer,Power Pulse Marketing,N/A,remote,New York · USA,N/A,https://www.bayt.com/en/usa/jobs/wordpress-developer-5262447/
SAP BODS Developer,VINIRMA Consulting Pvt.Ltd,N/A,remote,Doha · Qatar,N/A,https://www.bayt.com/en/qatar/jobs/sap-bods-developer-5261448/
NET MAUI Developer .,tradervolt,N/A,remote,Amman · Jordan,N/A,https://www.bayt.com/en/jordan/jobs/net-maui-developer-5257223/
SAP BODS Developer,VINIRMA Consulting Pvt.Ltd,N/A,remote,Doha · Qatar,N/A,https://www.bayt.com/en/qatar/jobs/sap-bods-developer-5256566/
IT Developer,Wared for water services,N/A,remote,Jeddah · Saudi Arabia,N/A,https://www.bayt.com/en/saudi-arabia/jobs/it-developer-5252177/
Software Engineer,Toq For information Technology,N/A,remote,Riyadh · Saudi Arabia,N/A,https://www.bayt.com/en/saudi-arabia/jobs/software-engineer-5252703/
Programmer,Confidential Company,N/A,remote,Al Kuwait · Kuwait,N/A,https://www.bayt.com/en/kuwait/jobs/programmer-5253636/
Senior SAP Developer – ABAP,Starlink ME,N/A,remote,Qatar,N/A,https://www.bayt.com/en/qatar/jobs/senior-sap-developer-abap-5251248/
Senior Consultant - Application Developer,Starlink ME,N/A,remote,Qatar,N/A,https://www.bayt.com/en/qatar/jobs/senior-consultant-application-developer-5251236/
SAP Developer – ABAP,Starlink ME,N/A,remote,Qatar,N/A,https://www.bayt.com/en/qatar/jobs/sap-developer-abap-5251230/
Experienced SAP Developer – ABAP,Starlink ME,N/A,remote,Qatar,N/A,https://www.bayt.com/en/qatar/jobs/experienced-sap-developer-abap-5251203/
Experienced Application Developer,Starlink ME,N/A,remote,Qatar,N/A,https://www.bayt.com/en/qatar/jobs/experienced-application-developer-5251198/
Consultant- Application Developer,Starlink ME,N/A,remote,Qatar,N/A,https://www.bayt.com/en/qatar/jobs/consultant-application-developer-5251162/
Power BI Dashboard Developer,Candidzone Qatar,N/A,remote,Doha · Qatar,N/A,https://www.bayt.com/en/qatar/jobs/power-bi-dashboard-developer-5250001/
